joint_0_pos_rad,joint_1_pos_rad,joint_2_pos_rad,joint_3_pos_rad,joint_4_pos_rad,joint_5_pos_rad,joint_6_pos_rad
-0.05500897020101547,-0.1600419580936432,0.49548137187957764,-0.5817782282829285,0.5314023494720459,-0.9317803978919983,0.476065993309021
-0.0007199198007583618,-0.5245770215988159,0.7233089208602905,-0.6927481293678284,1.1297917366027832,-0.8068819046020508,0.5828033685684204
0.028535500168800354,-0.6201257705688477,0.5291954278945923,-0.5182908773422241,1.2342196702957153,-0.42226266860961914,0.22591495513916016
0.05037848651409149,-0.613107442855835,0.5405696630477905,-0.4123710095882416,1.1354001760482788,-0.3493703007698059,0.08359992504119873
0.09037214517593384,-0.5570205450057983,0.6260510683059692,-0.5277280807495117,0.9808686971664429,-0.5029524564743042,-0.022618234157562256
0.13393814861774445,-0.5385453701019287,0.6064571142196655,-0.5882691144943237,0.8257237076759338,-0.57442307472229,-0.10385823249816895
0.15944728255271912,-0.6001752614974976,0.6023913621902466,-0.5781232714653015,0.8707647323608398,-0.53763347864151,-0.05600816011428833
0.19766241312026978,-0.6614097952842712,0.43764758110046387,-0.5208812952041626,0.8812471032142639,-0.512446939945221,0.12670350074768066
0.22862273454666138,-0.7100846171379089,0.363156795501709,-0.5351467132568359,0.8893888592720032,-0.809615433216095,0.16537046432495117
0.2647986114025116,-0.7956634163856506,0.3168513774871826,-0.5201153755187988,0.9170441031455994,-0.9121322631835938,0.20419037342071533
0.3053979277610779,-0.871385931968689,0.3373713493347168,-0.47728317975997925,0.9190699458122253,-0.8485631942749023,0.20370638370513916
0.3440145254135132,-0.9238777160644531,0.33397233486175537,-0.4629163444042206,0.9099812507629395,-0.826302170753479,0.19364118576049805
0.38017627596855164,-0.964339554309845,0.2945675849914551,-0.4651186466217041,0.8996771574020386,-0.82281094789505,0.21314477920532227
0.41823506355285645,-1.002942442893982,0.23435842990875244,-0.46044567227363586,0.8627774715423584,-0.8013631105422974,0.239343523979187
0.45739680528640747,-1.0359251499176025,0.15482181310653687,-0.4470842480659485,0.7859797477722168,-0.8042091727256775,0.27285492420196533
0.5082005858421326,-1.0613971948623657,0.06122058629989624,-0.42300209403038025,0.6326652765274048,-0.797776460647583,0.30231213569641113
0.5912310481071472,-1.0674697160720825,-0.0745387077331543,-0.40224766731262207,0.3344322144985199,-0.7698183059692383,0.3494065999984741
0.720533549785614,-1.0700167417526245,-0.2201365828514099,-0.39335933327674866,-0.09934715926647186,-0.7084453701972961,0.38763320446014404
0.9060418009757996,-1.072101354598999,-0.34547513723373413,-0.4119895100593567,-0.6335005760192871,-0.6355719566345215,0.3844345808029175
1.082059383392334,-1.0837815999984741,-0.4125104248523712,-0.4176953136920929,-1.0690128803253174,-0.586118221282959,0.3203943967819214
1.1401557922363281,-1.1371848583221436,-0.38433778285980225,-0.38177481293678284,-1.1044970750808716,-0.6617662906646729,0.15908104181289673
0.988599956035614,-0.9788594245910645,-0.43943458795547485,-0.11457127332687378,-0.7564103603363037,-0.6794006824493408,-0.12342315912246704
0.7741889953613281,-0.6289287209510803,-0.7731367349624634,0.19141894578933716,-0.6667611598968506,-0.36363810300827026,-0.37609052658081055
0.7052279114723206,-0.4187912046909332,-0.7203692197799683,0.252874493598938,-0.9092521667480469,-0.21796798706054688,-0.2534800171852112
0.6374272704124451,-0.26821282505989075,-0.6501649618148804,0.20829421281814575,-1.1155918836593628,-0.18293392658233643,-0.17774760723114014
0.557864248752594,-0.17398375272750854,-0.6979368925094604,0.10569792985916138,-1.1699495315551758,-0.1901891827583313,-0.2930646240711212
0.4833605885505676,-0.12029030919075012,-0.7543354630470276,0.026096343994140625,-1.1013251543045044,-0.2730795741081238,-0.47079411149024963
0.44433027505874634,-0.095426544547081,-0.7597413063049316,0.016440391540527344,-1.08133864402771,-0.37252718210220337,-0.5806887149810791
0.399231493473053,-0.044932782649993896,-0.7609562277793884,0.026723623275756836,-1.1281753778457642,-0.4341621994972229,-0.6578282713890076
0.3438026010990143,0.022471889853477478,-0.7798135876655579,0.022671997547149658,-1.156769871711731,-0.4733160138130188,-0.7362301349639893
0.2977408766746521,0.08151770383119583,-0.7947618961334229,0.027373075485229492,-1.161582350730896,-0.5054212808609009,-0.7759193778038025
0.25153684616088867,0.141185000538826,-0.7917530536651611,0.027786076068878174,-1.1468368768692017,-0.5434785485267639,-0.8087325692176819
0.20240569114685059,0.2092631757259369,-0.794334888458252,0.024343371391296387,-1.1338812112808228,-0.5869643688201904,-0.8702465891838074
0.15727591514587402,0.2759823203086853,-0.8063461184501648,0.02706092596054077,-1.1343662738800049,-0.6354023218154907,-0.9414125680923462
0.11760398745536804,0.3357461988925934,-0.8125099539756775,0.03873401880264282,-1.1524672508239746,-0.674401044845581,-0.9868007302284241
0.07701554894447327,0.39424100518226624,-0.807702362537384,0.053942322731018066,-1.1757922172546387,-0.6994490027427673,-1.013643503189087
0.03262804448604584,0.45217233896255493,-0.7979008555412292,0.07291632890701294,-1.1886228322982788,-0.719595730304718,-1.0271981954574585
-0.016718119382858276,0.5106091499328613,-0.7873707413673401,0.0935867428779602,-1.1980081796646118,-0.7373788356781006,-1.0306915044784546
-0.06903130561113358,0.5714108943939209,-0.7739434838294983,0.11231571435928345,-1.2126578092575073,-0.7461181282997131,-1.0233900547027588
-0.1256573498249054,0.6361740827560425,-0.7564407587051392,0.12486642599105835,-1.2330724000930786,-0.7453213334083557,-0.9998513460159302
-0.1846289187669754,0.7011390924453735,-0.7384743690490723,0.1291019320487976,-1.254944920539856,-0.7365137338638306,-0.9595661759376526
-0.24209319055080414,0.7616620659828186,-0.7189844250679016,0.12654012441635132,-1.2734545469284058,-0.7235129475593567,-0.9122171401977539
-0.2974880337715149,0.8155984878540039,-0.6934977769851685,0.11857789754867554,-1.284995198249817,-0.7066417336463928,-0.8614794611930847
-0.34966760873794556,0.862726628780365,-0.6655331254005432,0.10422909259796143,-1.287463903427124,-0.6810060739517212,-0.8133794665336609
-0.3969995379447937,0.9043893218040466,-0.6406148076057434,0.08081585168838501,-1.2817171812057495,-0.6444863080978394,-0.7726477980613708
-0.4398922920227051,0.9418014287948608,-0.6174759864807129,0.049800992012023926,-1.264400601387024,-0.6024938821792603,-0.7421329021453857
-0.4797956645488739,0.9770870208740234,-0.5923339128494263,0.013045847415924072,-1.2294363975524902,-0.5584664344787598,-0.722428560256958
-0.5190639495849609,1.0128941535949707,-0.5614177584648132,-0.028102457523345947,-1.1685212850570679,-0.5126734972000122,-0.7129697799682617
-0.5632210373878479,1.051447868347168,-0.5208327174186707,-0.0756712555885315,-1.063183307647705,-0.47618240118026733,-0.7182760238647461
-0.6243741512298584,1.090865969657898,-0.4634894132614136,-0.1295047402381897,-0.8784304261207581,-0.46446487307548523,-0.7404116988182068
-0.7220523357391357,1.125035047531128,-0.3897269368171692,-0.19797801971435547,-0.5679303407669067,-0.5125002861022949,-0.7709928154945374
-0.8679011464118958,1.1194920539855957,-0.3166402578353882,-0.3210600018501282,-0.1692887395620346,-0.7106952667236328,-0.7728498578071594
-0.9825398325920105,0.9878610372543335,-0.2879248857498169,-0.5412180423736572,0.19165180623531342,-1.116544485092163,-0.6851405501365662
-1.05312180519104,0.9090402126312256,-0.33536607027053833,-0.5809948444366455,0.45796531438827515,-1.3624801635742188,-0.6169743537902832
-1.0767443180084229,0.8484325408935547,-0.350178062915802,-0.6108403205871582,0.511901319026947,-1.4794046878814697,-0.5987040996551514
-0.9987154603004456,0.7724356651306152,-0.30706751346588135,-0.7342543601989746,0.41485825181007385,-1.4544157981872559,-0.5736384987831116
-0.858325183391571,0.6101197004318237,-0.2648197412490845,-0.9910004138946533,0.3209376335144043,-1.1111747026443481,-0.4106735289096832
-0.8078576326370239,0.4273836314678192,-0.3290305733680725,-1.0208649635314941,0.5002480149269104,-0.7542857527732849,-0.22957998514175415
-0.7735090851783752,0.23361486196517944,-0.39951634407043457,-0.9566165208816528,0.8318722248077393,-0.5180977582931519,-0.02894645929336548
-0.7205142378807068,0.055760353803634644,-0.42676931619644165,-0.9091468453407288,1.1192901134490967,-0.4027578830718994,0.09522879123687744
-0.6568630933761597,-0.02826419472694397,-0.39465761184692383,-0.8367160558700562,1.2334638833999634,-0.36568188667297363,0.13060545921325684
-0.598649799823761,0.0068607022985816,-0.31485867500305176,-0.7895117402076721,1.1739026308059692,-0.377946674823761,0.1445080041885376
-0.5591036677360535,0.05776676535606384,-0.20872586965560913,-0.7827242612838745,1.0812009572982788,-0.38896411657333374,0.15052998065948486
-0.5124557018280029,0.02016422152519226,-0.09375792741775513,-0.7898974418640137,1.0385184288024902,-0.4130445122718811,0.1595340371131897
-0.47570735216140747,-0.027897000312805176,-0.029229402542114258,-0.7695193290710449,1.0376561880111694,-0.4662947654724121,0.17818254232406616
-0.43924030661582947,-0.08105023205280304,-0.018008410930633545,-0.7525893449783325,1.0599926710128784,-0.5471312999725342,0.19903898239135742
-0.40359026193618774,-0.13781797885894775,-0.030439138412475586,-0.7301086187362671,1.103467583656311,-0.6607991456985474,0.21117985248565674
-0.3658120036125183,-0.19707047939300537,-0.02432316541671753,-0.700423002243042,1.144386649131775,-0.7706959843635559,0.2151196002960205
-0.32187730073928833,-0.25911304354667664,-0.0017476677894592285,-0.6690988540649414,1.1780705451965332,-0.8596172332763672,0.21650385856628418
-0.27232468128204346,-0.322865754365921,0.014288842678070068,-0.6539957523345947,1.2049734592437744,-0.9278779625892639,0.2212972640991211
-0.21953651309013367,-0.3909021317958832,0.022207140922546387,-0.6471653580665588,1.2331609725952148,-0.9843631386756897,0.22437584400177002
-0.1665852963924408,-0.4606439471244812,0.03309553861618042,-0.6392544507980347,1.2625136375427246,-1.0222605466842651,0.22837579250335693
-0.11224232614040375,-0.5315579771995544,0.05375188589096069,-0.6339162588119507,1.2926630973815918,-1.0528929233551025,0.23341119289398193
-0.05735047161579132,-0.6026720404624939,0.08081859350204468,-0.6303791403770447,1.3168243169784546,-1.0713406801223755,0.24078106880187988
-0.002635747194290161,-0.6724047660827637,0.11120754480361938,-0.6267470717430115,1.331204891204834,-1.0793213844299316,0.25087296962738037
0.051173992455005646,-0.7387456893920898,0.14281177520751953,-0.6235920190811157,1.3346697092056274,-1.077850580215454,0.2618694305419922
0.10304901003837585,-0.8007951974868774,0.17209744453430176,-0.6202806234359741,1.3275448083877563,-1.0697979927062988,0.2716987133026123
0.1529087871313095,-0.859002947807312,0.1950811743736267,-0.6146618723869324,1.3120492696762085,-1.0537188053131104,0.2804054021835327
0.20116016268730164,-0.9143091440200806,0.20929253101348877,-0.6060887575149536,1.2890526056289673,-1.0321974754333496,0.28884458541870117
0.24751916527748108,-0.9672402143478394,0.21267074346542358,-0.5936790704727173,1.2584930658340454,-1.008047342300415,0.2979212999343872
0.29234763979911804,-1.0175464153289795,0.2033349871635437,-0.5772572755813599,1.2181049585342407,-0.9828893542289734,0.30993926525115967
0.3348040282726288,-1.0596626996994019,0.17959290742874146,-0.5556967258453369,1.162497639656067,-0.9538342356681824,0.32240962982177734
0.37489575147628784,-1.0893248319625854,0.13944077491760254,-0.5275629758834839,1.0843381881713867,-0.9222315549850464,0.33388078212738037
0.4159780442714691,-1.1056008338928223,0.07974785566329956,-0.4930691719055176,0.9710439443588257,-0.8911858797073364,0.3472031354904175
0.4673077464103699,-1.1085489988327026,-0.0049340128898620605,-0.4520610570907593,0.7894006967544556,-0.8594931364059448,0.36633002758026123
0.5488243699073792,-1.096739649772644,-0.11673277616500854,-0.40734750032424927,0.4661552906036377,-0.8063504099845886,0.3960510492324829
0.6803181767463684,-1.0804754495620728,-0.2453993558883667,-0.3858201205730438,0.008432211354374886,-0.7172967195510864,0.4332488775253296
0.8735702037811279,-1.067315697669983,-0.3598475456237793,-0.4176173806190491,-0.5509735345840454,-0.6021196842193604,0.44337666034698486
1.0772218704223633,-1.0647300481796265,-0.41534072160720825,-0.43773818016052246,-1.058916687965393,-0.5347080826759338,0.39559710025787354
1.1585047245025635,-1.1164053678512573,-0.3577285408973694,-0.4113568961620331,-1.1409802436828613,-0.6107240915298462,0.2421180009841919
1.0620591640472412,-1.059521198272705,-0.3750990629196167,-0.22689586877822876,-0.8496160507202148,-0.7182655334472656,-0.022908270359039307
0.8089743256568909,-0.6847776770591736,-0.7019578814506531,0.145105242729187,-0.6061248183250427,-0.48498958349227905,-0.35887250304222107
0.7201345562934875,-0.4405524730682373,-0.7563913464546204,0.24817025661468506,-0.8539558053016663,-0.2598041296005249,-0.2981618046760559
0.6595243215560913,-0.28124865889549255,-0.659104585647583,0.22631025314331055,-1.0949653387069702,-0.20623117685317993,-0.17891597747802734
0.578683078289032,-0.1775396764278412,-0.6860272884368896,0.12530118227005005,-1.1849768161773682,-0.1914907693862915,-0.2564287781715393
0.4975398778915405,-0.11680535972118378,-0.7532113194465637,0.032318055629730225,-1.1205843687057495,-0.25677716732025146,-0.44321465492248535
0.4532089829444885,-0.09016288816928864,-0.7601249814033508,0.008330762386322021,-1.0764626264572144,-0.3564149737358093,-0.5653668642044067
0.4119925796985626,-0.04586400091648102,-0.756777286529541,0.024943292140960693,-1.1208289861679077,-0.43459761142730713,-0.6440802812576294
0.3554004728794098,0.022000983357429504,-0.7742084264755249,0.022059261798858643,-1.1614207029342651,-0.4748861789703369,-0.727493941783905
0.3065372705459595,0.08374789357185364,-0.792773962020874,0.025942623615264893,-1.1688274145126343,-0.5077947378158569,-0.7789325714111328
0.26074832677841187,0.14216284453868866,-0.792452871799469,0.02857142686843872,-1.155214548110962,-0.5431322455406189,-0.808343768119812
0.2115686535835266,0.20941203832626343,-0.7927165627479553,0.024812042713165283,-1.1384198665618896,-0.5844895839691162,-0.8634247779846191
0.1650976538658142,0.27808213233947754,-0.8035800457000732,0.025522232055664062,-1.1357393264770508,-0.6321413516998291,-0.935141921043396
0.12506432831287384,0.338316947221756,-0.8115942478179932,0.03723818063735962,-1.1521567106246948,-0.6728605031967163,-0.9827969670295715
0.08482636511325836,0.39635542035102844,-0.8081207275390625,0.05274772644042969,-1.17624831199646,-0.6994225382804871,-1.0103741884231567
0.0406290739774704,0.4542748034000397,-0.7986743450164795,0.07204073667526245,-1.1905864477157593,-0.7195213437080383,-1.0250760316848755
-0.008416444063186646,0.5123980641365051,-0.787672221660614,0.09265094995498657,-1.1987015008926392,-0.7377535104751587,-1.0291508436203003
-0.060453832149505615,0.5726344585418701,-0.7744875550270081,0.11119246482849121,-1.2112900018692017,-0.7472788095474243,-1.0223833322525024
-0.1164960041642189,0.6368401050567627,-0.7571398019790649,0.12382805347442627,-1.2304304838180542,-0.7468828558921814,-1.0000569820404053
-0.17518167197704315,0.701714038848877,-0.7390238642692566,0.12817078828811646,-1.2518502473831177,-0.7385766506195068,-0.9602968096733093
-0.23247656226158142,0.7620960474014282,-0.7198724746704102,0.12572365999221802,-1.2703865766525269,-0.7256582379341125,-0.9132047295570374
-0.2876838743686676,0.815617561340332,-0.6947810649871826,0.11805200576782227,-1.282177209854126,-0.7089934349060059,-0.8631116151809692
-0.34002989530563354,0.8623785376548767,-0.6664808988571167,0.1045336127281189,-1.2844983339309692,-0.6841391324996948,-0.8149503469467163
-0.3876153528690338,0.9036929607391357,-0.6411395072937012,0.0820661187171936,-1.2786427736282349,-0.6482815146446228,-0.7739329934120178
-0.43065840005874634,0.940774142742157,-0.6178766489028931,0.05179274082183838,-1.2618621587753296,-0.6064055562019348,-0.7427347302436829
-0.4705708622932434,0.9757140874862671,-0.5930185317993164,0.015722572803497314,-1.2285012006759644,-0.5621973276138306,-0.7222520709037781
-0.509591817855835,1.0110256671905518,-0.562690019607544,-0.02462869882583618,-1.17042076587677,-0.5162026882171631,-0.7118075489997864
-0.5527722835540771,1.04897940158844,-0.5230839252471924,-0.07109636068344116,-1.0706969499588013,-0.4783323109149933,-0.7157589793205261
-0.611301600933075,1.0879290103912354,-0.4674072265625,-0.12359899282455444,-0.8967785835266113,-0.4636778235435486,-0.7363527417182922
-0.7040425539016724,1.1225481033325195,-0.3948873281478882,-0.1888061761856079,-0.6008017063140869,-0.5029797554016113,-0.7658700346946716
-0.8443661332130432,1.1243298053741455,-0.32010966539382935,-0.3022991120815277,-0.2100987583398819,-0.6786812543869019,-0.7707076072692871
-0.9678019881248474,1.0051199197769165,-0.2857359051704407,-0.5211243629455566,0.15352123975753784,-1.071130394935608,-0.6956886053085327
-1.0425117015838623,0.9193929433822632,-0.3261640667915344,-0.5756229758262634,0.43974384665489197,-1.3412840366363525,-0.6163878440856934
-1.0741539001464844,0.859656810760498,-0.3495521545410156,-0.602759599685669,0.5129059553146362,-1.4679677486419678,-0.5957328677177429
-1.0103485584259033,0.7882876992225647,-0.31531989574432373,-0.7143166661262512,0.4288676977157593,-1.4701027870178223,-0.5792412757873535
-0.8678018450737,0.6339055299758911,-0.2626194953918457,-0.9674031734466553,0.3225153088569641,-1.1608474254608154,-0.42780888080596924
-0.8094947338104248,0.4526134133338928,-0.3210866451263428,-1.0290642976760864,0.46716466546058655,-0.7881779670715332,-0.24677586555480957
-0.776357114315033,0.259076863527298,-0.39296358823776245,-0.9650934934616089,0.7954782843589783,-0.538950502872467,-0.04777294397354126
-0.7258307337760925,0.07560527324676514,-0.4262804687023163,-0.9150217175483704,1.0950512886047363,-0.4106709957122803,0.09017735719680786
-0.6630658507347107,-0.021787315607070923,-0.4009644389152527,-0.8451834917068481,1.2321500778198242,-0.3666990399360657,0.13034939765930176
-0.6026294231414795,0.0023827245458960533,-0.32523083686828613,-0.7936511039733887,1.1860594749450684,-0.37605512142181396,0.14580219984054565
-0.5621426701545715,0.05846019089221954,-0.22256749868392944,-0.7829558849334717,1.0909998416900635,-0.38772088289260864,0.15214061737060547
-0.5166292190551758,0.029510945081710815,-0.1051531434059143,-0.7909145951271057,1.0417927503585815,-0.40840470790863037,0.15999066829681396
-0.47852808237075806,-0.019538670778274536,-0.03471803665161133,-0.773145318031311,1.0373425483703613,-0.45960503816604614,0.17758572101593018
-0.44246459007263184,-0.07175961136817932,-0.01815873384475708,-0.7552249431610107,1.056636095046997,-0.5361319184303284,0.19879150390625
-0.4066815674304962,-0.12859362363815308,-0.030225753784179688,-0.7338064312934875,1.0981999635696411,-0.6471985578536987,0.21179568767547607
-0.36951762437820435,-0.18757213652133942,-0.026836097240447998,-0.7049002051353455,1.1399472951889038,-0.7592703700065613,0.21634912490844727
-0.32629990577697754,-0.2495887726545334,-0.004898369312286377,-0.6727015376091003,1.1744025945663452,-0.8507164120674133,0.21741557121276855
-0.27728456258773804,-0.3131057918071747,0.012618184089660645,-0.6555895805358887,1.2015904188156128,-0.9210383892059326,0.22207427024841309
-0.22471824288368225,-0.38092172145843506,0.02106177806854248,-0.6486943364143372,1.2295128107070923,-0.979934811592102,0.22523558139801025
-0.17186115682125092,-0.4505932629108429,0.031068384647369385,-0.6408354043960571,1.2586619853973389,-1.0196634531021118,0.22910571098327637
-0.11768920719623566,-0.5215442776679993,0.05073577165603638,-0.6350932121276855,1.2888610363006592,-1.0511537790298462,0.23408734798431396
-0.0628003180027008,-0.5928586721420288,0.07740789651870728,-0.6314992904663086,1.3139935731887817,-1.0709871053695679,0.24123704433441162
-0.008032456040382385,-0.6630054712295532,0.10753625631332397,-0.6278142929077148,1.3295296430587769,-1.0797970294952393,0.25113093852996826
0.045973941683769226,-0.7299500703811646,0.13929390907287598,-0.624616801738739,1.33438241481781,-1.0791351795196533,0.26219093799591064
0.09809847176074982,-0.7925716638565063,0.16908985376358032,-0.6214696764945984,1.328391671180725,-1.071847915649414,0.2722357511520386
0.14819172024726868,-0.8512629270553589,0.19306856393814087,-0.6161887645721436,1.3138231039047241,-1.0564846992492676,0.2810317277908325
0.19663044810295105,-0.906903862953186,0.20840686559677124,-0.6080232858657837,1.2916498184204102,-1.0353686809539795,0.28946173191070557
0.24324250221252441,-0.9601258635520935,0.2131178379058838,-0.5960841178894043,1.261968731880188,-1.0113532543182373,0.2983473539352417
0.2882764935493469,-1.0109944343566895,0.20530706644058228,-0.5801191926002502,1.2229573726654053,-0.9863842129707336,0.30992555618286133
0.33111536502838135,-1.054538369178772,0.18333524465560913,-0.5592504739761353,1.1695860624313354,-0.9577840566635132,0.3224726915359497
0.3714843988418579,-1.0858559608459473,0.14520448446273804,-0.5319122672080994,1.0945807695388794,-0.9262439012527466,0.3338204622268677
0.4121306836605072,-1.103734016418457,0.0881037712097168,-0.4981669783592224,0.9866570234298706,-0.8949447274208069,0.34664952754974365
0.46156734228134155,-1.1083500385284424,0.0064435601234436035,-0.45789557695388794,0.815977931022644,-0.8639996647834778,0.3647134304046631
0.5386805534362793,-1.0981032848358154,-0.10195308923721313,-0.41320565342903137,0.5106686353683472,-0.8141098022460938,0.3929051160812378
0.6633273363113403,-1.081657886505127,-0.23051589727401733,-0.38654154539108276,0.0670282393693924,-0.7293910384178162,0.42994046211242676
0.8495635390281677,-1.0681718587875366,-0.34805500507354736,-0.41313692927360535,-0.48277541995048523,-0.6145909428596497,0.44489896297454834
1.0585787296295166,-1.062709093093872,-0.41581499576568604,-0.43841445446014404,-1.017591953277588,-0.5377755165100098,0.40533435344696045
1.1585707664489746,-1.1093803644180298,-0.3646431565284729,-0.4204145073890686,-1.1545604467391968,-0.592873752117157,0.26691365242004395
1.0887229442596436,-1.0893527269363403,-0.36204326152801514,-0.26767539978027344,-0.9019944667816162,-0.7197484970092773,0.017006278038024902
0.8343001008033752,-0.7287110686302185,-0.6430819034576416,0.11285048723220825,-0.5918694734573364,-0.5393961071968079,-0.32829469442367554
0.7283531427383423,-0.46719440817832947,-0.7740920186042786,0.2422924041748047,-0.8143230676651001,-0.27116692066192627,-0.32112234830856323
0.670655369758606,-0.29974308609962463,-0.6671103835105896,0.23414969444274902,-1.0711650848388672,-0.21052789688110352,-0.18562573194503784
0.5913268327713013,-0.18782365322113037,-0.67676842212677,0.1403353214263916,-1.1849405765533447,-0.18932127952575684,-0.23664480447769165
0.5082184076309204,-0.12322375178337097,-0.7480257749557495,0.04091459512710571,-1.1308554410934448,-0.2434018850326538,-0.42142385244369507
0.4593982696533203,-0.09414160251617432,-0.7600093483924866,0.0069841742515563965,-1.075913667678833,-0.3424558639526367,-0.5520088076591492
0.4203864336013794,-0.0540192574262619,-0.755866289138794,0.024688422679901123,-1.1136839389801025,-0.4279617667198181,-0.6334031224250793
0.36453232169151306,0.012838332913815975,-0.7713234424591064,0.02329343557357788,-1.1591516733169556,-0.46895265579223633,-0.7164876461029053
0.31394410133361816,0.07618075609207153,-0.7906068563461304,0.024881064891815186,-1.1690597534179688,-0.5032268762588501,-0.7741391658782959
0.26821571588516235,0.133815735578537,-0.7929682731628418,0.028808116912841797,-1.157858967781067,-0.5379270315170288,-0.8033013343811035
0.21937870979309082,0.19966775178909302,-0.7920126914978027,0.025521576404571533,-1.139864206314087,-0.5782625675201416,-0.8540953993797302
0.1719973385334015,0.2693500816822052,-0.8018780946731567,0.024708688259124756,-1.1351245641708374,-0.6256901025772095,-0.9261474609375
0.13137726485729218,0.3304097652435303,-0.81123286485672,0.03540599346160889,-1.1492257118225098,-0.668264627456665,-0.9774031639099121
0.09147559106349945,0.3885280191898346,-0.8090026378631592,0.05036056041717529,-1.1733609437942505,-0.6964935064315796,-1.007108449935913
0.04791431128978729,0.4465120732784271,-0.8001995086669922,0.06909650564193726,-1.1892856359481812,-0.7168242335319519,-1.0236201286315918
-0.0004038959741592407,0.504386305809021,-0.7892682552337646,0.08981913328170776,-1.1972495317459106,-0.7355735301971436,-1.028972864151001
-0.05210711061954498,0.5641797780990601,-0.7766540050506592,0.10880857706069946,-1.2088981866836548,-0.7466976046562195,-1.0238920450210571
-0.1073993444442749,0.6276662349700928,-0.7597478032112122,0.12254494428634644,-1.2274521589279175,-0.7476093769073486,-1.004421353340149
-0.1660175323486328,0.692886471748352,-0.7415899634361267,0.12796247005462646,-1.2486258745193481,-0.7403281331062317,-0.9665817618370056
-0.2235708385705948,0.7539815902709961,-0.7228376865386963,0.1263505220413208,-1.2677640914916992,-0.727797269821167,-0.9200473427772522
-0.2790575623512268,0.8085419535636902,-0.6988089680671692,0.1193779706954956,-1.2807633876800537,-0.7119238972663879,-0.8703885674476624
-0.331936776638031,0.85612952709198,-0.6704414486885071,0.10696417093276978,-1.2843064069747925,-0.6886022090911865,-0.8214859366416931
-0.38023146986961365,0.8980976939201355,-0.6445814967155457,0.08586055040359497,-1.2797328233718872,-0.6541584730148315,-0.7792931795120239
-0.4238664507865906,0.9356361031532288,-0.6211884021759033,0.0566258430480957,-1.2647581100463867,-0.6128636598587036,-0.7465032339096069
-0.46411851048469543,0.9707106351852417,-0.5968236923217773,0.021347224712371826,-1.2343631982803345,-0.5688887238502502,-0.7245586514472961
-0.5030475854873657,1.0057401657104492,-0.5675233006477356,-0.018325507640838623,-1.1806004047393799,-0.5230230093002319,-0.7124861478805542
-0.5450299978256226,1.0432642698287964,-0.5296714305877686,-0.06373757123947144,-1.0888856649398804,-0.4827488958835602,-0.7139220833778381
-0.6002508997917175,1.0822887420654297,-0.47674453258514404,-0.1152605414390564,-0.9292313456535339,-0.46362394094467163,-0.7322950959205627
-0.6865426898002625,1.1180055141448975,-0.40593308210372925,-0.17722278833389282,-0.6527022123336792,-0.49068331718444824,-0.7610427141189575
-0.8192312121391296,1.1291035413742065,-0.3303019404411316,-0.2790733575820923,-0.27304282784461975,-0.6374995708465576,-0.7730051279067993
-0.9540343880653381,1.0294855833053589,-0.28756189346313477,-0.4915003776550293,0.09955050051212311,-1.0076327323913574,-0.716902494430542
-1.0326497554779053,0.9293297529220581,-0.315537691116333,-0.5729230642318726,0.4102645218372345,-1.3149635791778564,-0.6212740540504456
-1.0737040042877197,0.8701387047767639,-0.35032159090042114,-0.5954302549362183,0.5119908452033997,-1.4540799856185913,-0.5967942476272583
-1.0277397632598877,0.8024986982345581,-0.3260263204574585,-0.6908226609230042,0.44814619421958923,-1.4858033657073975,-0.5875621438026428
-0.885509192943573,0.6610981225967407,-0.2617267966270447,-0.9287211894989014,0.3304833173751831,-1.225420594215393,-0.4550561010837555
-0.8139069676399231,0.4823227524757385,-0.30954253673553467,-1.0383882522583008,0.42423465847969055,-0.8360333442687988,-0.2736145853996277
-0.7817615270614624,0.2891392111778259,-0.38319122791290283,-0.974827766418457,0.7442671060562134,-0.5694697499275208,-0.07801783084869385
-0.7345542907714844,0.10025399923324585,-0.42461860179901123,-0.9212586283683777,1.0572043657302856,-0.42306745052337646,0.0781104564666748
-0.6729435920715332,-0.014612109400331974,-0.40906089544296265,-0.8571364283561707,1.2254085540771484,-0.36916637420654297,0.12665259838104248
-0.6101413369178772,-0.006651462055742741,-0.33879274129867554,-0.7991209626197815,1.20053231716156,-0.37320077419281006,0.1448500156402588
-0.5674962997436523,0.05365517735481262,-0.24012482166290283,-0.7825508117675781,1.1040782928466797,-0.3861713409423828,0.15179657936096191
-0.5236794352531433,0.03815677762031555,-0.12074881792068481,-0.7905503511428833,1.0461288690567017,-0.4031009078025818,0.1584932804107666
-0.4833212196826935,-0.012433976866304874,-0.042257726192474365,-0.7772406339645386,1.0366257429122925,-0.4510173797607422,0.1747208833694458
-0.44785642623901367,-0.06296654045581818,-0.01780247688293457,-0.757524847984314,1.0523477792739868,-0.5220065116882324,0.19624990224838257
-0.4117286801338196,-0.11980614066123962,-0.028437674045562744,-0.7376059889793396,1.0912545919418335,-0.6292300224304199,0.210657000541687
-0.3751867711544037,-0.17833516001701355,-0.02887505292892456,-0.7097325325012207,1.1343191862106323,-0.7439541220664978,0.21627581119537354
-0.332920640707016,-0.24004776775836945,-0.00848698616027832,-0.6769217252731323,1.1697486639022827,-0.8383750915527344,0.21730554103851318
-0.2846360206604004,-0.30324286222457886,0.010731220245361328,-0.657136082649231,1.1977125406265259,-0.911628246307373,0.22159087657928467
-0.23239701986312866,-0.37054958939552307,0.02000248432159424,-0.6497535705566406,1.2252787351608276,-0.9726102352142334,0.22495925426483154
-0.17955610156059265,-0.4399755895137787,0.029053807258605957,-0.6420276761054993,1.2542009353637695,-1.0147827863693237,0.2285604476928711
-0.12561728060245514,-0.5108067393302917,0.047247469425201416,-0.6358032822608948,1.2843912839889526,-1.047194004058838,0.2334294319152832
-0.07074838131666183,-0.5821927189826965,0.07320302724838257,-0.6321150064468384,1.3107784986495972,-1.0690995454788208,0.24015748500823975
-0.01595744490623474,-0.652631938457489,0.10290008783340454,-0.628399133682251,1.327767252922058,-1.0791993141174316,0.2497093677520752
0.03826281428337097,-0.7201921939849854,0.13468647003173828,-0.6251436471939087,1.3343185186386108,-1.0797988176345825,0.26077938079833984
0.090691477060318,-0.7834545373916626,0.1649646759033203,-0.6221225261688232,1.329783320426941,-1.073510766029358,0.2710723876953125
0.14106595516204834,-0.8426939845085144,0.1900758147239685,-0.617233157157898,1.3164037466049194,-1.059269905090332,0.280009388923645
0.18970826268196106,-0.8987162113189697,0.20678091049194336,-0.6095378398895264,1.2953181266784668,-1.0388009548187256,0.2884470224380493
0.23663723468780518,-0.95228111743927,0.21321672201156616,-0.5982105731964111,1.2667683362960815,-1.0150651931762695,0.29716014862060547
0.28185534477233887,-1.0036265850067139,0.2073502540588379,-0.5828293561935425,1.2293905019760132,-0.9902741312980652,0.30821263790130615
0.3251173198223114,-1.0487338304519653,0.18755453824996948,-0.5628021359443665,1.1785968542099,-0.9622752070426941,0.32090532779693604
0.3658134937286377,-1.0819933414459229,0.15191829204559326,-0.5364546775817871,1.1072527170181274,-0.9309501647949219,0.33228492736816406
0.40601664781570435,-1.1018445491790771,0.09793943166732788,-0.5036294460296631,1.0054163932800293,-0.8994887471199036,0.3447086811065674
0.4534173011779785,-1.108468770980835,0.02004343271255493,-0.46429553627967834,0.8470343351364136,-0.8691526055335999,0.3617039918899536
0.5252712368965149,-1.1002976894378662,-0.08421295881271362,-0.41982898116111755,0.5643976926803589,-0.8231943249702454,0.3882099390029907
0.6416491270065308,-1.083844780921936,-0.21189993619918823,-0.38756173849105835,0.13893046975135803,-0.7440323829650879,0.42480194568634033
0.8187149167060852,-1.0700143575668335,-0.33264291286468506,-0.40642911195755005,-0.3979247510433197,-0.6313837170600891,0.44578826427459717
1.0317366123199463,-1.0619295835494995,-0.4121702313423157,-0.4381248950958252,-0.9558248519897461,-0.5444652438163757,0.4161982536315918
1.1546072959899902,-1.0998880863189697,-0.37406641244888306,-0.428354948759079,-1.1638963222503662,-0.5729295015335083,0.2965291738510132
1.1134061813354492,-1.1131951808929443,-0.3516319990158081,-0.30754613876342773,-0.9594173431396484,-0.7131777405738831,0.06052917242050171
0.865748405456543,-0.7832787036895752,-0.5723013877868652,0.06885111331939697,-0.5902659893035889,-0.5973027348518372,-0.28852519392967224
0.7372770309448242,-0.5002140998840332,-0.7904806733131409,0.23346471786499023,-0.7685596942901611,-0.29062485694885254,-0.3445231020450592
0.6815225481987,-0.3216818869113922,-0.6788106560707092,0.24140679836273193,-1.0403993129730225,-0.21609872579574585,-0.197232186794281
0.6043973565101624,-0.20040859282016754,-0.6675170660018921,0.1571478247642517,-1.1809229850769043,-0.1884373426437378,-0.21717894077301025
0.5200982689857483,-0.13121718168258667,-0.7404847145080566,0.05213898420333862,-1.1426692008972168,-0.2294381856918335,-0.3944301903247833
0.46503669023513794,-0.09796419739723206,-0.7604880332946777,0.006503880023956299,-1.077211856842041,-0.3268299698829651,-0.536334753036499
0.42833465337753296,-0.06296145915985107,-0.7555013298988342,0.023647725582122803,-1.105057716369629,-0.41899651288986206,-0.621474027633667
0.3740691840648651,0.0019669821485877037,-0.7681018114089966,0.0247153639793396,-1.1549981832504272,-0.4620652198791504,-0.7037475109100342
0.3215256333351135,0.06724700331687927,-0.7879619598388672,0.02353745698928833,-1.1686291694641113,-0.4980572462081909,-0.7683128714561462
0.27572348713874817,0.12448433041572571,-0.7936856746673584,0.028784334659576416,-1.1606069803237915,-0.5320106148719788,-0.7981739640235901
0.2274482548236847,0.1886899322271347,-0.7914612889289856,0.02625870704650879,-1.1416971683502197,-0.5714281797409058,-0.8441442847251892
0.1792270839214325,0.25909093022346497,-0.7998941540718079,0.024046719074249268,-1.1347473859786987,-0.6182864904403687,-0.9153906106948853
0.13778109848499298,0.32121220231056213,-0.8104925155639648,0.03335613012313843,-1.1459723711013794,-0.6626935601234436,-0.9710744619369507
0.0981656014919281,0.37946704030036926,-0.809916079044342,0.04778355360031128,-1.1697839498519897,-0.6929705142974854,-1.003351092338562
0.05526958405971527,0.4375426769256592,-0.8018529415130615,0.06586962938308716,-1.187631368637085,-0.713736891746521,-1.021911382675171
0.00784367322921753,0.4952048361301422,-0.7909780740737915,0.08660119771957397,-1.1957846879959106,-0.7328263521194458,-1.0286879539489746
-0.043532878160476685,0.554607629776001,-0.7789273858070374,0.10603886842727661,-1.206499457359314,-0.7456896901130676,-1.0253944396972656
-0.09810596704483032,0.6174190044403076,-0.762602686882019,0.1209147572517395,-1.22426176071167,-0.7480941414833069,-1.0088093280792236
-0.15650856494903564,0.6828288435935974,-0.7444186210632324,0.12760508060455322,-1.2451859712600708,-0.7419916987419128,-0.9733537435531616
-0.21433782577514648,0.7446575164794922,-0.7259655594825745,0.12697428464889526,-1.2649757862091064,-0.7299520969390869,-0.9275992512702942
-0.27016645669937134,0.8004289865493774,-0.7031066417694092,0.12078511714935303,-1.2791982889175415,-0.7148454785346985,-0.8784255385398865
-0.32357311248779297,0.8490163683891296,-0.6749036312103271,0.10942882299423218,-1.284204363822937,-0.6930643320083618,-0.828868567943573
-0.3726464509963989,0.8917736411094666,-0.6484698057174683,0.08981263637542725,-1.2809679508209229,-0.660308837890625,-0.7854567766189575
-0.4169669449329376,0.929903507232666,-0.6248469352722168,0.06173282861709595,-1.267881989479065,-0.6197322607040405,-0.750969648361206
-0.4576460123062134,0.9652061462402344,-0.6009190082550049,0.027321040630340576,-1.2404805421829224,-0.5760438442230225,-0.7273702025413513
-0.4965860843658447,1.0000321865081787,-0.5726622343063354,-0.011712491512298584,-1.1910229921340942,-0.5304909944534302,-0.7136618494987488
-0.5375581383705139,1.0371034145355225,-0.5365111827850342,-0.05600768327713013,-1.1071873903274536,-0.48800355195999146,-0.7124830484390259
-0.589703381061554,1.076131820678711,-0.4864377975463867,-0.10661834478378296,-0.961369514465332,-0.4646468758583069,-0.728310227394104
-0.6694479584693909,1.1127657890319824,-0.418021559715271,-0.1657997965812683,-0.7062904834747314,-0.4804719090461731,-0.7559245228767395
-0.7935717701911926,1.1321592330932617,-0.3427082896232605,-0.25678354501724243,-0.34038957953453064,-0.5993245244026184,-0.7752228379249573
-0.9391892552375793,1.0592139959335327,-0.29139578342437744,-0.44993752241134644,0.044247135519981384,-0.934803307056427,-0.7382649183273315
-1.022047519683838,0.9407625198364258,-0.30337637662887573,-0.5708208084106445,0.37214165925979614,-1.2835853099822998,-0.6279181241989136
-1.0716896057128906,0.8815391063690186,-0.3503456115722656,-0.5898342728614807,0.5065509676933289,-1.43719482421875,-0.5988627672195435
-1.044166088104248,0.8164833784103394,-0.3353400230407715,-0.6677393317222595,0.4671280086040497,-1.4955265522003174,-0.592693567276001
-0.9082181453704834,0.6905713677406311,-0.26442253589630127,-0.8792542815208435,0.34663471579551697,-1.295562505722046,-0.4845348596572876
-0.8199829459190369,0.5142955780029297,-0.2971099019050598,-1.0439882278442383,0.3842584788799286,-0.8927009105682373,-0.30300700664520264
-0.7875962853431702,0.3220202922821045,-0.3721538782119751,-0.9856520891189575,0.6878452301025391,-0.6058273315429688,-0.11246931552886963
-0.744123637676239,0.12960559129714966,-0.4218878149986267,-0.9277546405792236,1.0120227336883545,-0.4389880895614624,0.06169271469116211
-0.6837352514266968,-0.0032195458188652992,-0.4166455864906311,-0.8716388940811157,1.2131232023239136,-0.37394165992736816,0.12222456932067871
-0.6192461848258972,-0.01537484023720026,-0.3533893823623657,-0.8063900470733643,1.2149471044540405,-0.3700186014175415,0.14361494779586792
-0.5733375549316406,0.04576185345649719,-0.25891298055648804,-0.782645583152771,1.119836449623108,-0.3844689130783081,0.15144342184066772
-0.5317482948303223,0.04731228947639465,-0.13995575904846191,-0.7890557050704956,1.0521607398986816,-0.3980556130409241,0.15708249807357788
-0.48875290155410767,-0.004672975279390812,-0.05199497938156128,-0.7816482186317444,1.036339521408081,-0.44198542833328247,0.17155218124389648
-0.45383429527282715,-0.0534454882144928,-0.018318474292755127,-0.759863018989563,1.048322081565857,-0.5075511336326599,0.19311392307281494
-0.417297899723053,-0.11018925905227661,-0.02611362934112549,-0.7416400909423828,1.0835851430892944,-0.6096172332763672,0.20915204286575317
-0.3813173770904541,-0.16821478307247162,-0.03066307306289673,-0.7149006724357605,1.127977967262268,-0.7265564203262329,0.21606957912445068
-0.34012991189956665,-0.2295033037662506,-0.012680649757385254,-0.6820929050445557,1.1644091606140137,-0.8242073059082031,0.21736431121826172
-0.2927108407020569,-0.29246678948402405,0.008295893669128418,-0.6591647267341614,1.1934810876846313,-0.9010149240493774,0.22097277641296387
-0.24093741178512573,-0.3590902090072632,0.018773555755615234,-0.6508442163467407,1.2206153869628906,-0.9638416767120361,0.22466635704040527
-0.1880531758069992,-0.42826005816459656,0.027071118354797363,-0.6433802247047424,1.2493220567703247,-1.009143352508545,0.22799324989318848
-0.13439364731311798,-0.4989472031593323,0.043562471866607666,-0.6366444826126099,1.2793670892715454,-1.0424861907958984,0.23274266719818115
-0.07957390695810318,-0.5703624486923218,0.06861895322799683,-0.6327769160270691,1.306998610496521,-1.0666916370391846,0.23902428150177002
-0.024755209684371948,-0.6410855054855347,0.09782326221466064,-0.6290653944015503,1.325573444366455,-1.078273892402649,0.24815833568572998
0.02965712547302246,-0.7092770934104919,0.1295279860496521,-0.6257346868515015,1.3339803218841553,-1.080384373664856,0.2591811418533325
0.08241879940032959,-0.7732597589492798,0.16023856401443481,-0.6227786540985107,1.331119418144226,-1.0751292705535889,0.26973986625671387
0.1331125795841217,-0.8331286907196045,0.18653196096420288,-0.6183066368103027,1.3190782070159912,-1.0622050762176514,0.27884554862976074
0.18200087547302246,-0.8896068930625916,0.20472115278244019,-0.6111103296279907,1.2992051839828491,-1.0425114631652832,0.2872980833053589
0.22926843166351318,-0.943561851978302,0.21301132440567017,-0.6004457473754883,1.2718876600265503,-1.0191259384155273,0.2958698272705078
0.2747020125389099,-0.9953345060348511,0.20924919843673706,-0.5857093334197998,1.236193299293518,-0.9944381713867188,0.3063462972640991
0.31840670108795166,-1.0419998168945312,0.19181865453720093,-0.5665560960769653,1.1880412101745605,-0.967163622379303,0.3191084861755371
0.35949981212615967,-1.0773828029632568,0.1588936448097229,-0.5413015484809875,1.1205233335494995,-0.936179518699646,0.3305985927581787
0.39940914511680603,-1.0994236469268799,0.10821598768234253,-0.5095065236091614,1.0248245000839233,-0.9045858979225159,0.34266531467437744
0.44493699073791504,-1.1082265377044678,0.0345115065574646,-0.47126010060310364,0.8785163164138794,-0.874441921710968,0.35859668254852295
0.5112611651420593,-1.1025302410125732,-0.06520223617553711,-0.4273184835910797,0.6211239099502563,-0.8325675129890442,0.38325750827789307
0.6188471913337708,-1.086382269859314,-0.19101858139038086,-0.38999906182289124,0.21650590002536774,-0.7595044374465942,0.41879594326019287
0.7855573296546936,-1.0720844268798828,-0.3144644498825073,-0.39954492449760437,-0.3045539855957031,-0.650875449180603,0.4455918073654175
0.9994063973426819,-1.0622227191925049,-0.40395501255989075,-0.43649721145629883,-0.8763262033462524,-0.5546440482139587,0.42600691318511963
1.1458642482757568,-1.0892544984817505,-0.3847131133079529,-0.43352949619293213,-1.162367343902588,-0.5554291009902954,0.32613956928253174
1.1329314708709717,-1.1264111995697021,-0.3462793231010437,-0.3412649929523468,-1.012692928314209,-0.6979613304138184,0.10365831851959229
0.9038038849830627,-0.8437819480895996,-0.5051124095916748,0.012747466564178467,-0.6120077967643738,-0.6465648412704468,-0.2395610809326172
0.7480301856994629,-0.5376639366149902,-0.7997048497200012,0.2218090295791626,-0.723044216632843,-0.3203463554382324,-0.36295193433761597
0.6916647553443909,-0.34517815709114075,-0.6931366920471191,0.24699020385742188,-1.0047208070755005,-0.22354120016098022,-0.21358251571655273
0.6174837350845337,-0.21479208767414093,-0.6597843170166016,0.17412102222442627,-1.1713584661483765,-0.1896350383758545,-0.20077228546142578
0.5332821011543274,-0.1404690146446228,-0.7300437688827515,0.06595718860626221,-1.154358148574829,-0.21730929613113403,-0.3630576729774475
0.4710289239883423,-0.10144136846065521,-0.7608078718185425,0.008247911930084229,-1.0816292762756348,-0.3110225200653076,-0.5189043283462524
0.43568742275238037,-0.07120567560195923,-0.7557087540626526,0.021478772163391113,-1.0965006351470947,-0.407726526260376,-0.6093176603317261
0.38374170660972595,-0.00923867616802454,-0.7648425698280334,0.025926709175109863,-1.1491758823394775,-0.455261766910553,-0.6903859972953796
0.3293576240539551,0.057753875851631165,-0.785003662109375,0.022277534008026123,-1.1677863597869873,-0.49273252487182617,-0.761383056640625
0.283241331577301,0.11518502235412598,-0.7943215370178223,0.028543412685394287,-1.1633702516555786,-0.5259057283401489,-0.7933362722396851
0.23561590909957886,0.17771275341510773,-0.7911309003829956,0.026981711387634277,-1.1441032886505127,-0.5647074580192566,-0.8345101475715637
0.186728835105896,0.24833640456199646,-0.7978445291519165,0.02374267578125,-1.1349083185195923,-0.6106545329093933,-0.903551459312439
0.1442219465970993,0.31176117062568665,-0.8093386888504028,0.03130459785461426,-1.1429355144500732,-0.6565102338790894,-0.9640552401542664
0.10480166971683502,0.37021902203559875,-0.810714602470398,0.04526633024215698,-1.1658997535705566,-0.6890708208084106,-0.9992567896842957
0.06256213784217834,0.4283592998981476,-0.8034518957138062,0.062694251537323,-1.1856422424316406,-0.7105802297592163,-1.0198527574539185
0.01599215716123581,0.4859216809272766,-0.7927034497261047,0.0832681655883789,-1.1944915056228638,-0.7299137711524963,-1.0281951427459717
-0.03498280048370361,0.5449689030647278,-0.7810958623886108,0.10308289527893066,-1.204321265220642,-0.7443946599960327,-1.0266509056091309
-0.08889611065387726,0.6071518659591675,-0.7654555439949036,0.11900335550308228,-1.2210663557052612,-0.74835205078125,-1.0127027034759521
-0.1469392478466034,0.6725520491600037,-0.7472926378250122,0.1270437240600586,-1.241686463356018,-0.7434850335121155,-0.9799327254295349
-0.2050308734178543,0.7351243495941162,-0.7290610074996948,0.12745928764343262,-1.2620686292648315,-0.7320928573608398,-0.9351965188980103
-0.26119911670684814,0.7920523285865784,-0.707312822341919,0.12208783626556396,-1.2774032354354858,-0.7176364064216614,-0.886557936668396
-0.3150677978992462,0.8416996002197266,-0.6794896125793457,0.11166459321975708,-1.2839901447296143,-0.6972454786300659,-0.8364863395690918
-0.3649371862411499,0.8852790594100952,-0.6524676084518433,0.09357291460037231,-1.282006025314331,-0.6663200855255127,-0.791900098323822
-0.4099770486354828,0.9240545630455017,-0.628534197807312,0.06672102212905884,-1.2707188129425049,-0.6265854835510254,-0.7557761073112488
-0.4511318504810333,0.9596437215805054,-0.6049425601959229,0.03322333097457886,-1.246115803718567,-0.5832083821296692,-0.730451762676239
-0.4901708960533142,0.9943482875823975,-0.577642560005188,-0.005173027515411377,-1.2007226943969727,-0.5380149483680725,-0.715155839920044
-0.5303720235824585,1.0309627056121826,-0.5430377721786499,-0.04836004972457886,-1.1240695714950562,-0.49381011724472046,-0.7114860415458679
-0.5798490047454834,1.0698778629302979,-0.4956740736961365,-0.0980423092842102,-0.99077308177948,-0.46666884422302246,-0.7246525883674622
-0.6533700823783875,1.107214331626892,-0.4302612543106079,-0.15501129627227783,-0.7578940987586975,-0.47325006127357483,-0.7509194016456604
-0.7694648504257202,1.1325280666351318,-0.35514676570892334,-0.2374170422554016,-0.4059298634529114,-0.5681447982788086,-0.7753203511238098
-0.9210386872291565,1.085763931274414,-0.29674839973449707,-0.4050150215625763,-0.011091170832514763,-0.8616143465042114,-0.7533969283103943
-1.0103198289871216,0.9529101848602295,-0.2924965023994446,-0.5672304630279541,0.32842305302619934,-1.2457784414291382,-0.6369408369064331
-1.0674835443496704,0.8921358585357666,-0.3483256697654724,-0.5855356454849243,0.4976055324077606,-1.4174377918243408,-0.6014644503593445
-1.0571048259735107,0.8288106918334961,-0.341697096824646,-0.6467652320861816,0.48426586389541626,-1.4968229532241821,-0.5942708253860474
-0.9338327050209045,0.7194960713386536,-0.27267754077911377,-0.8270038962364197,0.3675977885723114,-1.3589576482772827,-0.5136340856552124
-0.8278379440307617,0.5456744432449341,-0.2852475643157959,-1.0405269861221313,0.35384562611579895,-0.9541718363761902,-0.3326486349105835
-0.7932390570640564,0.3552205264568329,-0.3605691194534302,-0.9970558881759644,0.6310508251190186,-0.6457615494728088,-0.1472102403640747
-0.7532969117164612,0.16111257672309875,-0.4178486466407776,-0.9352461099624634,0.9628404378890991,-0.45808178186416626,0.04107987880706787
-0.6944666504859924,0.011936633847653866,-0.4224669933319092,-0.8857612013816833,1.1942962408065796,-0.38037627935409546,0.11741530895233154
-0.6292637586593628,-0.0217912495136261,-0.367256224155426,-0.8147255778312683,1.2265939712524414,-0.36738067865371704,0.14191138744354248
-0.5794972777366638,0.036053359508514404,-0.27693992853164673,-0.7836658954620361,1.1364545822143555,-0.38266992568969727,0.15088289976119995
-0.5399786233901978,0.05580000579357147,-0.16121375560760498,-0.7869263291358948,1.0594300031661987,-0.39423662424087524,0.15577960014343262
-0.49465879797935486,0.0037068715319037437,-0.06319159269332886,-0.7856146097183228,1.0364738702774048,-0.4330497980117798,0.1685277223587036
-0.4599882960319519,-0.0438179075717926,-0.02021270990371704,-0.7625262141227722,1.0448342561721802,-0.4939975142478943,0.18965840339660645
-0.42319586873054504,-0.10014933347702026,-0.023762524127960205,-0.745540201663971,1.076053500175476,-0.5902016758918762,0.20736664533615112
-0.38759705424308777,-0.1576656550168991,-0.03203672170639038,-0.7200415730476379,1.121111512184143,-0.7078816890716553,0.21568679809570312
-0.3475342094898224,-0.21844369173049927,-0.017093122005462646,-0.6878348588943481,1.1586605310440063,-0.8090837001800537,0.21749508380889893
-0.301074355840683,-0.28124192357063293,0.005362093448638916,-0.6617985367774963,1.188985824584961,-0.8895785808563232,0.22023379802703857
-0.24990496039390564,-0.34701743721961975,0.017368853092193604,-0.6520065069198608,1.2157373428344727,-0.9539468288421631,0.2243720293045044
-0.19695687294006348,-0.41595005989074707,0.025206387042999268,-0.6448917388916016,1.244265079498291,-1.0028680562973022,0.22748899459838867
-0.14358849823474884,-0.4864833950996399,0.03990906476974487,-0.6376745700836182,1.2741302251815796,-1.0373108386993408,0.23210930824279785
-0.08886465430259705,-0.5578562021255493,0.06388694047927856,-0.6334689259529114,1.3027851581573486,-1.0637558698654175,0.2379685640335083
-0.034011200070381165,-0.6288419961929321,0.09256988763809204,-0.6298151612281799,1.3230222463607788,-1.0770658254623413,0.24664020538330078
0.02054823935031891,-0.6976406574249268,0.1240583062171936,-0.6263829469680786,1.3333032131195068,-1.0808184146881104,0.2575256824493408
0.0736524909734726,-0.7623941898345947,0.155162513256073,-0.623420238494873,1.3322867155075073,-1.0765891075134277,0.2683039903640747
0.12469698488712311,-0.8229430317878723,0.18256813287734985,-0.6193645000457764,1.321670651435852,-1.0650944709777832,0.27760422229766846
0.17386630177497864,-0.8799351453781128,0.2022782564163208,-0.6126734018325806,1.3030831813812256,-1.0463154315948486,0.2860912084579468
0.2214697003364563,-0.9343118667602539,0.2124432921409607,-0.6026803255081177,1.2770460844039917,-1.02335524559021,0.29456770420074463
0.26714399456977844,-0.9864367842674255,0.2108253836631775,-0.5886216759681702,1.2429747581481934,-0.9987099766731262,0.3045055866241455
0.31128084659576416,-1.0345404148101807,0.19585156440734863,-0.5703250765800476,1.1973861455917358,-0.9722198247909546,0.31719768047332764
0.3528132140636444,-1.0721228122711182,0.16573864221572876,-0.5462158918380737,1.1336947679519653,-0.941705584526062,0.3288792371749878
0.3926098942756653,-1.0964796543121338,0.11839061975479126,-0.515522301197052,1.0438902378082275,-0.9100205898284912,0.34064018726348877
0.436493456363678,-1.107557773590088,0.04907965660095215,-0.47844770550727844,0.908932089805603,-0.8796688914299011,0.35556352138519287
0.49733781814575195,-1.104583501815796,-0.045890986919403076,-0.4352974593639374,0.6778997778892517,-0.8417623043060303,0.37830913066864014
0.5961578488349915,-1.0890356302261353,-0.16851890087127686,-0.39395996928215027,0.2959801256656647,-0.7750688195228577,0.4122108221054077
0.7520961761474609,-1.0742506980895996,-0.2942736744880676,-0.39372721314430237,-0.20687754452228546,-0.6716080904006958,0.4437366724014282
0.9630562663078308,-1.063030481338501,-0.3929673135280609,-0.4328567087650299,-0.7838197946548462,-0.5672549605369568,0.4338839054107666
1.1311721801757812,-1.0793893337249756,-0.3962019085884094,-0.43623772263526917,-1.1468669176101685,-0.5430567860603333,0.3516840934753418
1.1466662883758545,-1.129827618598938,-0.3459357023239136,-0.3684832751750946,-1.0595176219940186,-0.6753460168838501,0.14666569232940674
0.9501582980155945,-0.9109154343605042,-0.4538164734840393,-0.0567205548286438,-0.6654623746871948,-0.6806154847145081,-0.17912507057189941
0.7605862021446228,-0.5755354166030884,-0.7962538003921509,0.20738959312438965,-0.6835957765579224,-0.3558753728866577,-0.3770083785057068
0.7004494667053223,-0.369844526052475,-0.7086538672447205,0.2509186267852783,-0.9652611613273621,-0.23331475257873535,-0.23376256227493286
0.6297799348831177,-0.2310161590576172,-0.654240608215332,0.19103974103927612,-1.1554254293441772,-0.19343942403793335,-0.18745046854019165
0.5461550951004028,-0.15019096434116364,-0.7176926136016846,0.08152759075164795,-1.165757656097412,-0.20753329992294312,-0.32993507385253906
0.4770297408103943,-0.10448943078517914,-0.7606064081192017,0.012569844722747803,-1.0902825593948364,-0.29597991704940796,-0.5000464916229248
0.4411984086036682,-0.07751606404781342,-0.7569262385368347,0.017762184143066406,-1.0888302326202393,-0.39499449729919434,-0.5979779362678528
0.39212915301322937,-0.01979704201221466,-0.7619127035140991,0.02615368366241455,-1.142138123512268,-0.44964277744293213,-0.6771625876426697
0.3363630473613739,0.04817938804626465,-0.7819560170173645,0.021406710147857666,-1.166467308998108,-0.4879440367221832,-0.7536462545394897
0.2899487018585205,0.10635415464639664,-0.7946920990943909,0.028127729892730713,-1.1657711267471313,-0.5204035043716431,-0.7893063426017761
0.2428988814353943,0.16752633452415466,-0.791126549243927,0.027581512928009033,-1.1471346616744995,-0.5584478378295898,-0.8259822726249695
0.19357076287269592,0.23784056305885315,-0.7959995269775391,0.02371746301651001,-1.1356018781661987,-0.6032407283782959,-0.891958475112915
0.14993642270565033,0.30270856618881226,-0.8079046010971069,0.029400169849395752,-1.1403613090515137,-0.650078535079956,-0.9568256139755249
0.11060073971748352,0.3614347279071808,-0.8112801909446716,0.04294288158416748,-1.162009596824646,-0.6849600672721863,-0.9951819777488708
0.0689810961484909,0.41956081986427307,-0.8049126267433167,0.059813737869262695,-1.1834404468536377,-0.7075555324554443,-1.0176000595092773
0.02311493456363678,0.4771665036678314,-0.7943505048751831,0.0801239013671875,-1.1934958696365356,-0.727088987827301,-1.0275731086730957
-0.02740342915058136,0.5359042882919312,-0.7830074429512024,0.10021847486495972,-1.2026077508926392,-0.7428962588310242,-1.0276703834533691
-0.08074594289064407,0.5975395441055298,-0.7680625319480896,0.11702466011047363,-1.218194842338562,-0.7483404278755188,-1.0159165859222412
-0.13836973905563354,0.6628162860870361,-0.7499961256980896,0.12635743618011475,-1.2384577989578247,-0.7446664571762085,-0.9858537316322327
-0.19667556881904602,0.7260698080062866,-0.7318767309188843,0.12781226634979248,-1.2593406438827515,-0.7339996099472046,-0.9422380328178406
-0.25316065549850464,0.7840274572372437,-0.7110536694526672,0.12321585416793823,-1.27565598487854,-0.7200305461883545,-0.8940728306770325
-0.30743491649627686,0.8347047567367554,-0.6837530136108398,0.11359560489654541,-1.283722996711731,-0.7008242011070251,-0.8437060713768005
-0.3580326437950134,0.8791137337684631,-0.6562483310699463,0.09685856103897095,-1.2828996181488037,-0.6716030240058899,-0.7980664968490601
-0.40375810861587524,0.9185455441474915,-0.6319792866706848,0.07117217779159546,-1.2731951475143433,-0.6327687501907349,-0.7605036497116089
-0.44539088010787964,0.9544685482978821,-0.6085968017578125,0.03853219747543335,-1.2509753704071045,-0.5897248983383179,-0.7335557341575623
-0.4845953583717346,0.9891496896743774,-0.5820837020874023,0.000737607479095459,-1.209122896194458,-0.5448241233825684,-0.7168142199516296
-0.524284839630127,1.0253583192825317,-0.5487815141677856,-0.04152029752731323,-1.1383558511734009,-0.4995628595352173,-0.7110452055931091
-0.5716657042503357,1.0640923976898193,-0.5037561655044556,-0.09035789966583252,-1.0153889656066895,-0.4692556858062744,-0.7217260599136353
-0.6402698755264282,1.1019880771636963,-0.441139280796051,-0.14575105905532837,-0.8009365797042847,-0.4687855839729309,-0.7466257810592651
-0.7495101690292358,1.1310452222824097,-0.36640697717666626,-0.22196751832962036,-0.4630469083786011,-0.5455968379974365,-0.7739458084106445
-0.9013977646827698,1.10178542137146,-0.3018643260002136,-0.3713807761669159,-0.06375882029533386,-0.8032848238945007,-0.7613011598587036
-0.9988651871681213,0.9642594456672668,-0.2860090732574463,-0.5604323744773865,0.28506430983543396,-1.2056348323822021,-0.6485826373100281
-1.062051773071289,0.9000931978225708,-0.344434916973114,-0.582123875617981,0.4870389699935913,-1.3980097770690918,-0.6045509576797485
-1.065147876739502,0.8377951979637146,-0.34505683183670044,-0.6307160258293152,0.4970541000366211,-1.4924030303955078,-0.5942479968070984
-0.9576036334037781,0.7432722449302673,-0.2844032645225525,-0.7883349061012268,0.38427111506462097,-1.4023206233978271,-0.538204550743103
-0.8364376425743103,0.5715433955192566,-0.2760535478591919,-1.0287662744522095,0.33542531728744507,-1.0102356672286987,-0.3591671586036682
-0.7981166243553162,0.38327857851982117,-0.3501052260398865,-1.006293535232544,0.5825196504592896,-0.682911217212677,-0.1768164038658142
-0.7606883645057678,0.18848532438278198,-0.41294801235198975,-0.9429165124893188,0.9176388382911682,-0.4773145318031311,0.01912832260131836
-0.7036779522895813,0.027080118656158447,-0.425625205039978,-0.8959458470344543,1.1723781824111938,-0.38708752393722534,0.11192655563354492
-0.6385863423347473,-0.025086641311645508,-0.3781118392944336,-0.822357714176178,1.2330983877182007,-0.36618125438690186,0.13935256004333496
-0.5854800343513489,0.02681809663772583,-0.291526734828949,-0.7854187488555908,1.1505446434020996,-0.3813318610191345,0.1495683789253235
-0.5468261241912842,0.060220867395401,-0.1792891025543213,-0.7853438258171082,1.0666842460632324,-0.3919203281402588,0.1545262336730957
-0.5003600716590881,0.010930745862424374,-0.07367581129074097,-0.7881466150283813,1.0368632078170776,-0.4253390431404114,0.16579848527908325
-0.4654284119606018,-0.03628259897232056,-0.022835075855255127,-0.7651165127754211,1.042091727256775,-0.4831709861755371,0.1862289309501648
-0.42858952283859253,-0.0918494164943695,-0.02179020643234253,-0.7486167550086975,1.0698796510696411,-0.5739429593086243,0.20526492595672607
-0.3931419849395752,-0.14901965856552124,-0.032446980476379395,-0.7242147326469421,1.1148167848587036,-0.691023051738739,0.21489965915679932
-0.3540182113647461,-0.20928210020065308,-0.020487189292907715,-0.6928510069847107,1.1534812450408936,-0.7954354286193848,0.2173086404800415
-0.30847251415252686,-0.271904319524765,0.0026378631591796875,-0.6644697785377502,1.1850018501281738,-0.8790887594223022,0.2193300724029541
-0.25787755846977234,-0.3368871212005615,0.01615244150161743,-0.6529366970062256,1.21151602268219,-0.9446465969085693,0.223846435546875
-0.2049148976802826,-0.40561166405677795,0.023816049098968506,-0.6461024284362793,1.2399276494979858,-0.9967904090881348,0.22686243057250977
-0.15176448225975037,-0.4759426712989807,0.03701657056808472,-0.6385529637336731,1.2696255445480347,-1.0324008464813232,0.23132336139678955
-0.09716714918613434,-0.547209620475769,0.05989557504653931,-0.6339454650878906,1.2989516258239746,-1.0605864524841309,0.23686420917510986
-0.04228733479976654,-0.6183570027351379,0.08808630704879761,-0.6303569078445435,1.3206592798233032,-1.0756040811538696,0.24510586261749268
0.012351557612419128,-0.6876140832901001,0.11925750970840454,-0.6268351078033447,1.3325079679489136,-1.0808682441711426,0.25578129291534424
0.0657440721988678,-0.753028392791748,0.15064436197280884,-0.6238139867782593,1.3331714868545532,-1.0775339603424072,0.26668858528137207
0.11710257828235626,-0.8141643404960632,0.1788763403892517,-0.6200913190841675,1.323820948600769,-1.0673260688781738,0.2761791944503784
0.16652905941009521,-0.8716232180595398,0.19987493753433228,-0.6138222217559814,1.3063734769821167,-1.0494352579116821,0.28471922874450684
0.2144031524658203,-0.9263684749603271,0.21161234378814697,-0.6043885946273804,1.281457543373108,-1.0269155502319336,0.29315459728240967
0.2603137791156769,-0.9787952899932861,0.21185296773910522,-0.5909349918365479,1.2487281560897827,-1.0023828744888306,0.3027108907699585
0.30477213859558105,-1.0279264450073242,0.1989957094192505,-0.5733554363250732,1.2052053213119507,-0.97646564245224,0.31521737575531006
0.34667789936065674,-1.067335605621338,0.1713048815727234,-0.5502218008041382,1.1446902751922607,-0.9464564919471741,0.32713496685028076
0.3865164518356323,-1.0937187671661377,0.1267307996749878,-0.5204901099205017,1.0595794916152954,-0.914738655090332,0.33869898319244385
0.42917877435684204,-1.1067614555358887,0.06118011474609375,-0.4844129979610443,0.9335700273513794,-0.884046733379364,0.3528701066970825
0.4858136773109436,-1.1061134338378906,-0.029843032360076904,-0.4420326352119446,0.7236887216567993,-0.849071204662323,0.37405288219451904
0.5776556134223938,-1.0915729999542236,-0.14870679378509521,-0.39855310320854187,0.3626953065395355,-0.7877039313316345,0.4063282012939453
0.7242892384529114,-1.0762704610824585,-0.27603602409362793,-0.38997042179107666,-0.12369404733181,-0.6893025636672974,0.44078707695007324
0.929957926273346,-1.0642797946929932,-0.3816165328025818,-0.42803964018821716,-0.6975906491279602,-0.5793285369873047,0.43879544734954834
1.114046573638916,-1.0723450183868408,-0.4053785800933838,-0.4373529553413391,-1.122277855873108,-0.5367745757102966,0.3701854944229126
1.154151201248169,-1.1272577047348022,-0.3484622836112976,-0.38724491000175476,-1.0942085981369019,-0.6520969867706299,0.18330645561218262
0.9932233691215515,-0.9699485301971436,-0.41935157775878906,-0.12121647596359253,-0.7277091145515442,-0.7004854083061218,-0.12178260087966919
0.7738798260688782,-0.609843909740448,-0.7797436714172363,0.19067102670669556,-0.6534460783004761,-0.39290881156921387,-0.38275301456451416
0.7074519991874695,-0.3928026854991913,-0.7235607504844666,0.25233888626098633,-0.928109884262085,-0.24258559942245483,-0.2542628049850464
0.6401975750923157,-0.24701549112796783,-0.6523445248603821,0.2050076127052307,-1.1367448568344116,-0.1980840563774109,-0.17956089973449707
0.5572941899299622,-0.15899619460105896,-0.7065761685371399,0.09620398283004761,-1.1751658916473389,-0.20056265592575073,-0.3024429678916931
0.48288363218307495,-0.1073995977640152,-0.7594167590141296,0.018190503120422363,-1.1002280712127686,-0.28306519985198975,-0.4818879961967468
0.4451403021812439,-0.08190120756626129,-0.7584042549133301,0.014017820358276367,-1.0831661224365234,-0.3828155994415283,-0.5878919363021851
0.3988472819328308,-0.028722107410430908,-0.7596645951271057,0.025757431983947754,-1.1352087259292603,-0.4450182318687439,-0.665635347366333
0.34227943420410156,0.039645224809646606,-0.7792643904685974,0.021074116230010986,-1.1649017333984375,-0.4839974045753479,-0.7459847927093506
0.2954476773738861,0.09880241006612778,-0.7946521639823914,0.02760690450668335,-1.1674102544784546,-0.5161144137382507,-0.7861981391906738
0.24887019395828247,0.1589859426021576,-0.7914128303527832,0.02800506353378296,-1.1500539779663086,-0.5532456040382385,-0.8194174766540527
0.199355810880661,0.22862519323825836,-0.7946153283119202,0.02389580011367798,-1.1364939212799072,-0.5969281196594238,-0.88215172290802
0.15475589036941528,0.29479944705963135,-0.8065131306648254,0.027890443801879883,-1.1384650468826294,-0.6442463397979736,-0.9501355290412903
0.11534231901168823,0.3538810908794403,-0.8115750551223755,0.04098266363143921,-1.1585795879364014,-0.6811415553092957,-0.991413950920105
0.0742332935333252,0.41195282340049744,-0.806097149848938,0.05742734670639038,-1.1812852621078491,-0.7049211263656616,-1.0154305696487427
0.02892061322927475,0.46965423226356506,-0.7957728505134583,0.0774528980255127,-1.1926854848861694,-0.7246354222297668,-1.0268974304199219
-0.021172426640987396,0.5281689167022705,-0.7845814824104309,0.09774774312973022,-1.201325535774231,-0.7414053082466125,-1.0283706188201904
-0.07403531670570374,0.589320719242096,-0.7702363729476929,0.11521017551422119,-1.2158359289169312,-0.7481424808502197,-1.0183298587799072
-0.13123513758182526,0.6543989181518555,-0.7523202896118164,0.1256466507911682,-1.235744595527649,-0.7455167770385742,-0.9907225370407104
-0.18969738483428955,0.7182148694992065,-0.7342382669448853,0.12802571058273315,-1.2569612264633179,-0.7355524301528931,-0.9482083916664124
-0.24645034968852997,0.777012288570404,-0.7140807509422302,0.12410730123519897,-1.2740806341171265,-0.7219462990760803,-0.9003883600234985
-0.30105459690093994,0.8285970091819763,-0.6873681545257568,0.11514270305633545,-1.2833954095840454,-0.7036516666412354,-0.8499540090560913
-0.3522532284259796,0.873753011226654,-0.6595244407653809,0.099506676197052,-1.2835724353790283,-0.6758766770362854,-0.8034540414810181
-0.398576021194458,0.9137804508209229,-0.6349366903305054,0.07483541965484619,-1.2751621007919312,-0.6379099488258362,-0.7647232413291931
-0.44064077734947205,0.950038731098175,-0.61165851354599,0.042939066886901855,-1.2548245191574097,-0.5951932668685913,-0.736384928226471
-0.4800369441509247,0.984759509563446,-0.5857450366020203,0.005675017833709717,-1.2158523797988892,-0.5505250692367554,-0.7184184193611145
-0.5194166898727417,1.0206409692764282,-0.5534669160842896,-0.03588515520095825,-1.1495798826217651,-0.5047456622123718,-0.7110228538513184
-0.5652412176132202,1.0591647624969482,-0.5103300213813782,-0.08398425579071045,-1.0346845388412476,-0.47186529636383057,-0.7195266485214233
-0.6302134394645691,1.0974891185760498,-0.44999420642852783,-0.1383036971092224,-0.8343674540519714,-0.4662144184112549,-0.7431851625442505
-0.7339452505111694,1.1288769245147705,-0.3757372498512268,-0.21027696132659912,-0.5092288851737976,-0.5296204686164856,-0.7719380259513855
-0.8836789727210999,1.1113922595977783,-0.30665886402130127,-0.34656664729118347,-0.1094706654548645,-0.758956789970398,-0.7653098702430725
-0.9890188574790955,0.975197970867157,-0.2834901213645935,-0.5516347885131836,0.24522764980793,-1.1668143272399902,-0.6614054441452026
-1.056518316268921,0.9062341451644897,-0.33979910612106323,-0.5797082185745239,0.47536924481391907,-1.380664348602295,-0.6078643798828125
-1.0697426795959473,0.844778299331665,-0.34698981046676636,-0.6196655631065369,0.5050123929977417,-1.4861862659454346,-0.5943622589111328
-0.9763064980506897,0.7605197429656982,-0.29464370012283325,-0.76102614402771,0.39772310853004456,-1.4298851490020752,-0.5549429059028625
-0.8449773192405701,0.5919021964073181,-0.27006077766418457,-1.0138019323349,0.3259764015674591,-1.0580106973648071,-0.38150274753570557
-0.8019976019859314,0.40585851669311523,-0.34101176261901855,-1.0137221813201904,0.5436866283416748,-0.7155371308326721,-0.20028185844421387
-0.7662692070007324,0.2111223191022873,-0.40755951404571533,-0.9497425556182861,0.8789295554161072,-0.49515604972839355,-0.0011145472526550293
-0.7110711932182312,0.04122799634933472,-0.4268435835838318,-0.9029939770698547,1.1503400802612305,-0.39371633529663086,0.10616976022720337
-0.6464983820915222,-0.02594989538192749,-0.386142373085022,-0.8290164470672607,1.2355414628982544,-0.36571794748306274,0.13670867681503296
-0.5908142328262329,0.018956750631332397,-0.3028446435928345,-0.7874233722686768,1.1620110273361206,-0.38002681732177734,0.14824461936950684
-0.5521409511566162,0.06153711676597595,-0.19364005327224731,-0.7843653559684753,1.0735960006713867,-0.39045679569244385,0.15361320972442627
-0.5054261088371277,0.01685047149658203,-0.08308446407318115,-0.7896438837051392,1.0377222299575806,-0.4193134903907776,0.16368138790130615
-0.46987056732177734,-0.030587151646614075,-0.025800585746765137,-0.7674650549888611,1.0401257276535034,-0.47494572401046753,0.18329966068267822
-0.433133602142334,-0.08525070548057556,-0.020349562168121338,-0.750952422618866,1.065149188041687,-0.5610860586166382,0.20324814319610596
-0.3976878821849823,-0.14223602414131165,-0.032223284244537354,-0.727466881275177,1.1094707250595093,-0.6768288016319275,0.214005708694458
-0.35927629470825195,-0.20205172896385193,-0.02289283275604248,-0.6968967914581299,1.149111032485962,-0.7838658690452576,0.21700453758239746
-0.3144986033439636,-0.2645006477832794,0.00029212236404418945,-0.6669163107872009,1.1816492080688477,-0.8700916767120361,0.2185835838317871
-0.2643887996673584,-0.32890090346336365,0.015101015567779541,-0.6537073254585266,1.2081547975540161,-0.9368233680725098,0.2232973575592041
-0.21148747205734253,-0.39739447832107544,0.022810280323028564,-0.6470130085945129,1.236458659172058,-0.9914766550064087,0.22629094123840332
-0.1584780216217041,-0.4675208032131195,0.034862220287323,-0.639265775680542,1.265992522239685,-1.0282135009765625,0.23058438301086426
-0.10400159657001495,-0.5386887192726135,0.05676394701004028,-0.6342991590499878,1.2957285642623901,-1.0576541423797607,0.23589873313903809
-0.04910877346992493,-0.6099125742912292,0.08450466394424438,-0.6307340264320374,1.3186100721359253,-1.0741708278656006,0.24377703666687012
0.00558529794216156,-0.6795037984848022,0.11535155773162842,-0.627151370048523,1.3316997289657593,-1.080671787261963,0.25422585010528564
0.05919411778450012,-0.7454339265823364,0.14691025018692017,-0.6240686774253845,1.3337441682815552,-1.0781433582305908,0.2652038335800171
0.11080756783485413,-0.8070537447929382,0.17572706937789917,-0.6205804347991943,1.3254679441452026,-1.0689600706100464,0.2748677730560303
0.1604507714509964,-0.8649078607559204,0.19774556159973145,-0.6146446466445923,1.3089632987976074,-1.0518500804901123,0.283471941947937
0.2085283398628235,-0.9199509620666504,0.21071535348892212,-0.605648398399353,1.2849600315093994,-1.0297459363937378,0.2918967008590698
0.25465238094329834,-0.9726318120956421,0.21245962381362915,-0.5926930904388428,1.2532809972763062,-1.0053547620773315,0.3011906147003174
0.2993335723876953,-1.0224542617797852,0.2013014554977417,-0.5756746530532837,1.2113343477249146,-0.9798222780227661,0.3134639263153076
0.34153178334236145,-1.0632739067077637,0.17555969953536987,-0.5533167123794556,1.1533011198043823,-0.9502670168876648,0.3256038427352905
0.3814936578273773,-1.091313123703003,0.133165180683136,-0.5243704915046692,1.071736216545105,-0.9185569286346436,0.337044358253479
0.42333221435546875,-1.1059538125991821,0.07053893804550171,-0.48908209800720215,0.9522852897644043,-0.8876176476478577,0.3506976366043091
0.47716283798217773,-1.1071090698242188,-0.017350733280181885,-0.4473678767681122,0.7571089267730713,-0.8544415831565857,0.3707491159439087
0.5637945532798767,-1.093783974647522,-0.13282829523086548,-0.4030357599258423,0.41423463821411133,-0.7971290946006775,0.4016824960708618
0.7029563784599304,-1.0779918432235718,-0.2610405683517456,-0.3879265785217285,-0.05838383734226227,-0.7031807899475098,0.4376744031906128
0.9029021859169006,-1.065556526184082,-0.37136369943618774,-0.42371609807014465,-0.6259359121322632,-0.5896486043930054,0.4414869546890259
1.0976126194000244,-1.067880392074585,-0.4112508296966553,-0.4378213584423065,-1.094769835472107,-0.5345562100410461,0.3831526041030884
1.1576876640319824,-1.1227201223373413,-0.35218751430511475,-0.39998194575309753,-1.118449091911316,-0.6323622465133667,0.21217727661132812
1.027616262435913,-1.014990210533142,-0.39597782492637634,-0.173234224319458,-0.7845953702926636,-0.7114856243133545,-0.07409930229187012
0.7881209850311279,-0.6418347954750061,-0.7526035308837891,0.17225444316864014,-0.6301465630531311,-0.4311864972114563,-0.37860557436943054
0.7133656740188599,-0.41364383697509766,-0.7377055883407593,0.25155460834503174,-0.8948045969009399,-0.2505165934562683,-0.273625910282135
0.649147093296051,-0.26193174719810486,-0.6536977887153625,0.21555447578430176,-1.1183617115020752,-0.2021539807319641,-0.17683261632919312
0.5670554041862488,-0.1669309437274933,-0.6970717906951904,0.10926616191864014,-1.1812505722045898,-0.19589382410049438,-0.2805500030517578
0.48898541927337646,-0.11072345077991486,-0.7573049068450928,0.024111807346343994,-1.1095685958862305,-0.2716462016105652,-0.46503427624702454
0.44866514205932617,-0.085357666015625,-0.7594636678695679,0.011058032512664795,-1.0794951915740967,-0.37146085500717163,-0.578380823135376
0.4047468900680542,-0.036295145750045776,-0.7580942511558533,0.02531898021697998,-1.1288623809814453,-0.44077450037002563,-0.6558462381362915
0.34788835048675537,0.032077938318252563,-0.7769632935523987,0.021240949630737305,-1.1634540557861328,-0.4804149866104126,-0.7383899092674255
0.30034640431404114,0.09228714555501938,-0.7941310405731201,0.02697986364364624,-1.1683937311172485,-0.5125883221626282,-0.7833593487739563
0.25414490699768066,0.15167681872844696,-0.7918051481246948,0.02830284833908081,-1.15255606174469,-0.548862636089325,-0.8143001198768616
0.20466065406799316,0.220401793718338,-0.7936180830001831,0.024217605590820312,-1.1373933553695679,-0.5914950370788574,-0.8737764358520508
0.15921911597251892,0.28773239254951477,-0.8052272796630859,0.026732563972473145,-1.137123703956604,-0.6390190720558167,-0.9438417553901672
0.11960616707801819,0.3472553789615631,-0.8116647005081177,0.03931319713592529,-1.155680537223816,-0.6776280999183655,-0.9878246784210205
0.07890979945659637,0.4052811563014984,-0.8070418834686279,0.05537480115890503,-1.1792112588882446,-0.7025785446166992,-1.013319730758667
0.034078747034072876,0.4630741477012634,-0.7970342636108398,0.07511025667190552,-1.191890835762024,-0.7224584817886353,-1.0261582136154175
-0.015598408877849579,0.5214099884033203,-0.7859373092651367,0.09555619955062866,-1.2002302408218384,-0.7399410009384155,-1.028795838356018
-0.06806749105453491,0.5821360349655151,-0.7721092700958252,0.11351782083511353,-1.2138195037841797,-0.7478618621826172,-1.0201897621154785
-0.12481576204299927,0.6469188928604126,-0.7543954849243164,0.12491345405578613,-1.233378291130066,-0.7461832761764526,-0.9948429465293884
-0.18338924646377563,0.7112057209014893,-0.7363084554672241,0.1281270980834961,-1.2547645568847656,-0.7369062304496765,-0.9534406065940857
-0.24037230014801025,0.7707058787345886,-0.7166481018066406,0.12482708692550659,-1.27253258228302,-0.723602831363678,-0.9059231877326965
-0.29524457454681396,0.8231027126312256,-0.6905678510665894,0.11642783880233765,-1.282932162284851,-0.7060463428497314,-0.8555679321289062
-0.3469545841217041,0.8689318895339966,-0.6624795198440552,0.10173749923706055,-1.284008502960205,-0.6795462965965271,-0.8083332777023315
-0.3938174247741699,0.9094979166984558,-0.6375781297683716,0.07800298929214478,-1.2767094373703003,-0.6424369812011719,-0.7686015367507935
-0.43628767132759094,0.9460830688476562,-0.614338219165802,0.046794593334198,-1.257950782775879,-0.6000519394874573,-0.739026665687561
-0.475885808467865,0.9808714985847473,-0.5889090299606323,0.01003354787826538,-1.2214568853378296,-0.5555801391601562,-0.7199698090553284
-0.5150667428970337,1.0164775848388672,-0.5575016736984253,-0.030969977378845215,-1.1588695049285889,-0.5096028447151184,-0.7112207412719727
-0.5596440434455872,1.0547599792480469,-0.5159698724746704,-0.07836562395095825,-1.05079984664917,-0.4744684100151062,-0.7177295684814453
-0.6216773390769958,1.0934031009674072,-0.4576331377029419,-0.13183820247650146,-0.8623180389404297,-0.4646902084350586,-0.7401721477508545
-0.7206002473831177,1.1264039278030396,-0.3839832544326782,-0.2005944848060608,-0.5493406057357788,-0.5171273946762085,-0.7695600390434265
-0.8669514656066895,1.117940902709961,-0.3117298483848572,-0.3263542354106903,-0.1518756002187729,-0.7223873734474182,-0.7678138017654419
-0.9799715280532837,0.9868992567062378,-0.28365635871887207,-0.5406137704849243,0.20663988590240479,-1.1274621486663818,-0.6753122806549072
-1.050760269165039,0.9118017554283142,-0.3344944715499878,-0.5778207778930664,0.46198219060897827,-1.364149808883667,-0.6113391518592834
-1.0723598003387451,0.851150631904602,-0.3482789397239685,-0.6114780306816101,0.5098020434379578,-1.4790759086608887,-0.5947245359420776
-0.9916901588439941,0.7737611532211304,-0.30382364988327026,-0.739348828792572,0.4106363356113434,-1.449669361114502,-0.5669737458229065
-0.8538201451301575,0.6099593639373779,-0.2659189701080322,-0.9963250160217285,0.32185032963752747,-1.102005958557129,-0.40141332149505615
-0.8052534461021423,0.4260442852973938,-0.33252453804016113,-1.0204442739486694,0.509905993938446,-0.7461545467376709,-0.22055846452713013
-0.7707988619804382,0.2317783236503601,-0.4015873670578003,-0.956194281578064,0.8432316184043884,-0.5130303502082825,-0.02055954933166504
-0.7174786925315857,0.05534711480140686,-0.42705678939819336,-0.9085626602172852,1.1278027296066284,-0.4005177617073059,0.10000216960906982
-0.653613269329071,-0.02510097622871399,-0.3927707076072693,-0.83555668592453,1.235449194908142,-0.36577391624450684,0.13411808013916016
-0.595770537853241,0.0118483891710639,-0.31263309717178345,-0.7897558212280273,1.1723644733428955,-0.3785121440887451,0.14716589450836182
-0.5565944910049438,0.06117452681064606,-0.20623046159744263,-0.7836970686912537,1.080596923828125,-0.3892669677734375,0.1529557704925537
-0.510144829750061,0.022288531064987183,-0.09219741821289062,-0.790511429309845,1.039078712463379,-0.4142609238624573,0.16200530529022217
-0.4736941456794739,-0.025668740272521973,-0.029187500476837158,-0.7698094248771667,1.038716435432434,-0.46810245513916016,0.18077951669692993
-0.4371839165687561,-0.07934312522411346,-0.01926475763320923,-0.7529206275939941,1.0612579584121704,-0.5500050783157349,0.20138514041900635
-0.4016382396221161,-0.13624578714370728,-0.03160637617111206,-0.7302898168563843,1.1046158075332642,-0.6640044450759888,0.2131170630455017
-0.36380720138549805,-0.19568251073360443,-0.024763286113739014,-0.7004368901252747,1.1451457738876343,-0.7733057737350464,0.21673309803009033
-0.3197098672389984,-0.25796079635620117,-0.0018982887268066406,-0.6693105101585388,1.178558588027954,-0.861822783946991,0.2180260419845581
-0.2700575292110443,-0.3219276964664459,0.014079272747039795,-0.6544786095619202,1.205243706703186,-0.9299275279045105,0.22278833389282227
-0.21727019548416138,-0.3901616036891937,0.022004663944244385,-0.6477850675582886,1.233412265777588,-0.986584484577179,0.22582638263702393
-0.16435104608535767,-0.4600956439971924,0.033114492893218994,-0.6399378180503845,1.2627798318862915,-1.0244941711425781,0.22994518280029297
-0.10999523103237152,-0.5311729311943054,0.054080843925476074,-0.6346404552459717,1.292782187461853,-1.0549213886260986,0.23509466648101807
-0.05509944260120392,-0.6024447679519653,0.08138060569763184,-0.6310762763023376,1.3166667222976685,-1.0728442668914795,0.24265754222869873
-0.00036532431840896606,-0.6723036766052246,0.11192280054092407,-0.6274423599243164,1.3308348655700684,-1.0803751945495605,0.25287628173828125
0.053423285484313965,-0.7386815547943115,0.1435943841934204,-0.6243082284927368,1.3341037034988403,-1.0786194801330566,0.26390087604522705
0.10526116192340851,-0.8007360100746155,0.1728723645210266,-0.620990514755249,1.326808214187622,-1.0702948570251465,0.2737271785736084
0.15509939193725586,-0.858950138092041,0.19576424360275269,-0.6153436899185181,1.311144232749939,-1.0539183616638184,0.2824058532714844
0.20334294438362122,-0.9142554402351379,0.2097880244255066,-0.6067196130752563,1.2879422903060913,-1.0322229862213135,0.290830135345459
0.2496720850467682,-0.9671691656112671,0.21284061670303345,-0.5942069292068481,1.2571543455123901,-1.0079799890518188,0.2999248504638672
0.294523149728775,-1.0175029039382935,0.20315861701965332,-0.5776627063751221,1.2165263891220093,-0.9827287197113037,0.3119269609451294
0.3369906544685364,-1.059533715248108,0.1790946125984192,-0.5559679269790649,1.1605935096740723,-0.9535870552062988,0.3242594003677368
0.37711089849472046,-1.089022159576416,0.13858181238174438,-0.5277197360992432,1.0819851160049438,-0.9219228625297546,0.3356279134750366
0.4183570146560669,-1.1050759553909302,0.07842719554901123,-0.49311238527297974,0.9678274393081665,-0.890802800655365,0.3488861322402954
0.4700867533683777,-1.1077686548233032,-0.00673067569732666,-0.4520135521888733,0.7840940356254578,-0.8588082194328308,0.368023157119751
0.5524184107780457,-1.095734715461731,-0.11907416582107544,-0.4073946475982666,0.4576178193092346,-0.8048919439315796,0.3977557420730591
0.6851061582565308,-1.0795636177062988,-0.2477278709411621,-0.38690072298049927,-0.0025154482573270798,-0.7149472236633301,0.4345052242279053
0.8793730139732361,-1.0666509866714478,-0.36158812046051025,-0.41936132311820984,-0.5630711317062378,-0.5999441146850586,0.4432893991470337
1.0815248489379883,-1.0649573802947998,-0.4146922826766968,-0.4381600022315979,-1.064762830734253,-0.5346440076828003,0.3934227228164673
1.1591339111328125,-1.1174334287643433,-0.3567888140678406,-0.409771203994751,-1.1366546154022217,-0.6148536801338196,0.23673319816589355
1.057542324066162,-1.053036093711853,-0.378342866897583,-0.2189144492149353,-0.8384768962860107,-0.7182251214981079,-0.031094074249267578
0.8058385848999023,-0.6770432591438293,-0.7123467922210693,0.1500592827796936,-0.6095020771026611,-0.47551894187927246,-0.363462895154953
0.7197209596633911,-0.4357043206691742,-0.7532288432121277,0.24881982803344727,-0.8610088229179382,-0.2582682967185974,-0.29395222663879395
0.6584774851799011,-0.27781787514686584,-0.6579629778862,0.2245926856994629,-1.0989717245101929,-0.20563632249832153,-0.17817389965057373
0.5773884057998657,-0.17560043931007385,-0.6878073215484619,0.12257027626037598,-1.1845778226852417,-0.19215911626815796,-0.26025140285491943
0.4966889023780823,-0.11555013060569763,-0.753933310508728,0.03092479705810547,-1.1188048124313354,-0.25942182540893555,-0.446955144405365
0.45309239625930786,-0.0891774594783783,-0.7599334716796875,0.0088309645652771,-1.0770007371902466,-0.35909032821655273,-0.567651629447937
0.41139134764671326,-0.04404270648956299,-0.7568575739860535,0.025063753128051758,-1.122416615486145,-0.4357684850692749,-0.6460099816322327
0.35465508699417114,0.023980826139450073,-0.7745954990386963,0.021897614002227783,-1.1619964838027954,-0.4759358763694763,-0.7294345498085022
0.3059919476509094,0.08541122078895569,-0.7929688096046448,0.026181161403656006,-1.1689499616622925,-0.5086880922317505,-0.77975994348526
0.2600835859775543,0.14398403465747833,-0.7922492027282715,0.028579294681549072,-1.1549062728881836,-0.5441999435424805,-0.8093065023422241
0.21079853177070618,0.2115083485841751,-0.7928064465522766,0.024735987186431885,-1.1383529901504517,-0.5857585072517395,-0.8651403784751892
0.1644783318042755,0.279992014169693,-0.8038402199745178,0.025739967823028564,-1.1360454559326172,-0.6333988904953003,-0.9366304874420166
0.12451896071434021,0.3401033878326416,-0.8116050958633423,0.037610650062561035,-1.1528278589248657,-0.6737452745437622,-0.9836168885231018
0.08420965075492859,0.39812877774238586,-0.807938814163208,0.05320441722869873,-1.176831841468811,-0.7000183463096619,-1.0108110904693604
0.039914071559906006,0.45601189136505127,-0.798392117023468,0.07256478071212769,-1.190850853919983,-0.720081090927124,-1.025180697441101
-0.009238071739673615,0.5141492486000061,-0.7873783707618713,0.09314745664596558,-1.1989567279815674,-0.7382007837295532,-1.0290111303329468
-0.0613417774438858,0.5744438171386719,-0.7740913033485413,0.1115831732749939,-1.2116725444793701,-0.7474586963653564,-1.021928310394287
-0.11749710142612457,0.6387342214584351,-0.7566752433776855,0.12399792671203613,-1.230849027633667,-0.7468512654304504,-0.999108612537384
-0.17614908516407013,0.7034873366355896,-0.7385636568069458,0.12813305854797363,-1.2522337436676025,-0.7383860349655151,-0.9590840339660645
-0.23337814211845398,0.7637050151824951,-0.7193493843078613,0.1255311369895935,-1.2706125974655151,-0.7254096269607544,-0.9119442105293274
-0.28851157426834106,0.8169980645179749,-0.6940906047821045,0.11773800849914551,-1.2821601629257202,-0.7086063623428345,-0.8618304133415222
-0.34074920415878296,0.8635662198066711,-0.6657983064651489,0.10405397415161133,-1.2842501401901245,-0.6834895014762878,-0.8138175010681152
-0.3882156312465668,0.9047213792800903,-0.6405133008956909,0.08140617609024048,-1.2781405448913574,-0.6474282741546631,-0.7730125784873962
-0.4311603307723999,0.9416893720626831,-0.6172541379928589,0.05100339651107788,-1.2610374689102173,-0.6054637432098389,-0.7420747876167297
-0.4710123836994171,0.9765787720680237,-0.5923126935958862,0.014843642711639404,-1.227196455001831,-0.5612015128135681,-0.7218120098114014
